-- Insert data into the Staffs table
INSERT INTO Staffs (Id, Status, CreatedDate, LastModifiedDate, AccountFe, AccountFpt, Name, StaffCode)
VALUES
('550e8400-e29b-41d4-a716-446655440000', 1, 1627849200000, 1627935600000, 'fe_account1@fe.edu.vn', 'fpt_account1@fpt.edu.vn', 'John Wick', 'ST001'),
('550e8400-e29b-41d4-a716-446655440001', 1, 1627849200000, 1627935600000, 'fe_account2@fe.edu.vn', 'fpt_account2@fpt.edu.vn', 'Top1 Flo', 'ST002'),
('550e8400-e29b-41d4-a716-446655440002', 1, 1627849200000, 1627935600000, 'fe_account3@fe.edu.vn', 'fpt_account3@fpt.edu.vn', 'Lục Luật', 'ST003');
GO

-- Insert data into the Facilities table
INSERT INTO Facilities (Id, Status, CreatedDate, LastModifiedDate, Code, Name)
VALUES
('550e8400-e29b-41d4-a716-446655440010', 1, 1627849200000, 1627935600000, 'FAC001', 'HN'),
('550e8400-e29b-41d4-a716-446655440011', 1, 1627849200000, 1627935600000, 'FAC002', 'HCM');
GO

-- Insert data into the Departments table
INSERT INTO Departments (Id, Status, CreatedDate, LastModifiedDate, Code, Name)
VALUES
('550e8400-e29b-41d4-a716-446655440020', 1, 1627849200000, 1627935600000, 'DEP001', 'Department One'),
('550e8400-e29b-41d4-a716-446655440021', 1, 1627849200000, 1627935600000, 'DEP002', 'Department Two'),
('550e8400-e29b-41d4-a716-446655440022', 1, 1627849200000, 1627935600000, 'DEP003', 'Department Three');
GO

-- Insert data into the DepartmentFacilities table
INSERT INTO DepartmentFacilities (Id, Status, CreatedDate, LastModifiedDate, IdDepartment, IdFacility, IdStaff)
VALUES
('550e8400-e29b-41d4-a716-446655440030', 1, 1627849200000, 1627935600000, '550e8400-e29b-41d4-a716-446655440020', '550e8400-e29b-41d4-a716-446655440010', '550e8400-e29b-41d4-a716-446655440000'),
('550e8400-e29b-41d4-a716-446655440031', 1, 1627849200000, 1627935600000, '550e8400-e29b-41d4-a716-446655440021', '550e8400-e29b-41d4-a716-446655440011', '550e8400-e29b-41d4-a716-446655440001'),
('550e8400-e29b-41d4-a716-446655440032', 1, 1627849200000, 1627935600000, '550e8400-e29b-41d4-a716-446655440022', '550e8400-e29b-41d4-a716-446655440011', '550e8400-e29b-41d4-a716-446655440002');
GO

-- Insert data into the Majors table
INSERT INTO Majors (Id, Status, CreatedDate, LastModifiedDate, Name, Code)
VALUES
('550e8400-e29b-41d4-a716-446655440040', 1, 1627849200000, 1627935600000, 'Major One', 'MAJ001'),
('550e8400-e29b-41d4-a716-446655440041', 1, 1627849200000, 1627935600000, 'Major Two', 'MAJ002'),
('550e8400-e29b-41d4-a716-446655440042', 1, 1627849200000, 1627935600000, 'Major Three', 'MAJ003');
GO

-- Insert data into the MajorFacilities table
INSERT INTO MajorFacilities (Id, Status, CreatedDate, LastModifiedDate, IdDepartmentFacility, IdMajor)
VALUES
('550e8400-e29b-41d4-a716-446655440050', 1, 1627849200000, 1627935600000, '550e8400-e29b-41d4-a716-446655440030', '550e8400-e29b-41d4-a716-446655440040'),
('550e8400-e29b-41d4-a716-446655440051', 1, 1627849200000, 1627935600000, '550e8400-e29b-41d4-a716-446655440031', '550e8400-e29b-41d4-a716-446655440041'),
('550e8400-e29b-41d4-a716-446655440052', 1, 1627849200000, 1627935600000, '550e8400-e29b-41d4-a716-446655440032', '550e8400-e29b-41d4-a716-446655440042');
GO

-- Insert data into the StaffMajorFacilities table
INSERT INTO StaffMajorFacilities (Id, Status, CreatedDate, LastModifiedDate, IdMajorFacility, IdStaff)
VALUES
('550e8400-e29b-41d4-a716-446655440060', 1, 1627849200000, 1627935600000, '550e8400-e29b-41d4-a716-446655440050', '550e8400-e29b-41d4-a716-446655440000'),
('550e8400-e29b-41d4-a716-446655440061', 1, 1627849200000, 1627935600000, '550e8400-e29b-41d4-a716-446655440051', '550e8400-e29b-41d4-a716-446655440001'),
('550e8400-e29b-41d4-a716-446655440062', 1, 1627849200000, 1627935600000, '550e8400-e29b-41d4-a716-446655440052', '550e8400-e29b-41d4-a716-446655440002');
GO
